word,count
cloud,439
digital,322
services,304
consulting,294
ai,277
global,270
strong,247
service,232
technology,227
transformation,202
enterprise,194
business,161
solutions,146
innovation,141
leader,126
reliable,117
technical,116
leading,115
industry,113
management,109
tech,103
innovative,103
professional,101
strategic,98
company,87
comprehensive,81
"services,",77
services.,76
computing,73
outsourcing,70
capabilities,70
data,68
solutions.,67
expertise,67
strategy,67
provider,65
legacy,62
trusted,61
good,60
extensive,59
partner,59
delivery,57
platform,55
infrastructure,54
"consulting,",54
high,54
compliance,54
enterprises,53
automation,52
experience,50
integration,48
can,47
firm,46
audit,45
market,45
large,45
scalable,44
tools,44
deep,44
transformation.,44
provide,43
expert,43
hybrid,43
field,43
robust,42
powerful,41
artificial,40
highly,40
focus,40
top,39
financial,39
intelligence,38
process,37
support,36
expertise.,36
complex,36
big,35
workflow,35
implementation,34
known,34
advisory,34
development,34
technological,34
productivity,34
system,34
customer,33
great,33
indian,32
excellent,30
ecosystem,30
consulting.,29
focused,29
"transformation,",28
capabilities.,27
security,27
provides,27
profound,27
solid,27
traditional,27
outstanding,26
renowned,26
risk,26
one,25
"solutions,",25
offers,25
modernization,25
top-tier,25
pioneer,25
skilled,25
cost,24
intelligent,24
companies,24
stable,24
advanced,24
efficient,24
cutting-edge,24
enterprise-level,24
innovation.,23
"ai,",23
healthcare,23
data-driven,23
globally,23
wide,23
rich,22
software,22
level,22
giant,22
brand,22
like,21
leader.,21
agile,21
engineering,21
operations,21
systems,20
integrated,20
dependable,20
knowledge,20
work,20
diverse,20
insights.,20
performance,20
help,20
leadership,19
focuses,19
flexible,19
impression,19
research,19
deeply,19
operation,19
driven,19
benchmark,18
fields,18
infrastructure.,18
multiple,18
practical,18
"innovation,",18
scale,18
insights,18
management.,18
large-scale,18
new,18
"audit,",18
tools.,17
best,17
product,17
presence,17
especially,17
analytics,17
"leader,",16
focusing,16
range,16
feels,16
well-known,16
"tech,",16
quality,16
sometimes,15
"expertise,",15
capability,15
enterprise-grade,15
extremely,15
ai-powered,15
-,15
many,15
"cloud,",15
copilot,15
information,14
model,14
core,14
background,14
experienced,14
seamless,14
needs,14
first,14
office,14
modernization.,14
elite,14
providing,14
value,14
solution,14
such,14
edge,14
projects,14
well,14
accounting,14
"technology,",14
think,14
automation.,14
auditing,14
rapid,14
focus.,13
driving,13
offering,13
efficiency,13
ability,13
broad,13
project,13
long,13
engaged,13
"integration,",12
operational,12
"professional,",12
"compliance,",12
customized,12
experts,12
&,12
client,12
reliability,12
four,12
dominant,12
industries,12
application,12
cutting,12
make,12
easy,12
"platform,",12
"company,",12
"infrastructure,",12
integration.,12
"computing,",12
team,12
tax,11
established,11
leaders,11
"innovative,",11
network,11
various,11
us,11
authoritative,11
consultant,11
gives,11
giants,11
firms,11
"advisory,",11
only,11
reputation,11
digitalization,11
responsible,11
"tax,",11
thought,11
businesses,11
industry-specific,11
both,10
capable,10
,10
use,10
gemini,10
effective,10
emerging,10
provider.,10
"provider,",10
high-quality,10
finance,10
analysis,10
technology.,10
offshore,10
fast,10
"management,",10
technologies,10
ecosystem.,10
processes,10
planning,10
emphasis,10
regulatory,10
consultancy,10
microsoft,10
platform.,10
strength,10
execution,10
specializing,10
support.,10
vast,10
always,10
features,9
reputable,9
across,9
requirements,9
social,9
full-chain,9
delivering,9
dominance,9
stability,9
collaboration,9
firm.,9
clients,9
cases,9
scalability,9
different,9
"giant,",9
excels,9
ai-driven,9
through,9
compliance.,9
way,9
models,9
trustworthy,9
"automation,",9
cost-effective,9
productivity.,9
innovator,9
deliver,9
there,9
rigorous,9
enterprises.,9
friendly,8
tech-driven,8
less,8
resources,8
ai/ml,8
ibm,8
flexibility,8
depth,8
solve,8
"reliable,",8
corporate,8
steady,8
proficient,8
cloud.,8
smart,8
outsourcing.,8
efficiency.,8
"scalable,",8
azure,8
industry-leading,8
terms,8
migration,8
between,8
"expert""",8
me,8
effectively,8
consultants,8
helping,8
consistent,8
agency,8
specialized,8
achieve,8
strategies,8
constantly,8
accumulation,8
maintenance,8
problems,8
advisor,8
internet,8
long-term,8
change,8
significant,7
"capabilities,",7
platforms,7
having,7
"""global",7
excellence,7
specialist,7
mainframe,7
earliest,7
largest,7
"""security",7
network.,7
"strategy,",7
suitable,7
providers,7
projects.,7
optimization,7
areas,7
collaborative,7
international,7
balance,7
"field,",7
advantages,7
delivery.,7
powerhouse,7
though,7
unmatched,7
end-to-end,7
experience.,7
foundation,7
based,7
company.,7
enhance,7
them,7
innovation-driven,7
premium,7
commercial,7
aws,7
coverage,7
"sector,",7
leadership.,7
industries.,6
end,6
super,6
made,6
"tools,",6
advisory.,6
safety,6
teams,6
implementation.,6
"implementation,",6
empowering,6
insightful,6
tier,6
talent,6
customers,6
google,6
scale.,6
"ecosystem,",6
tool,6
"expert,",6
saas,6
continuous,6
innovative.,6
sustainable,6
sales,6
modern,6
vision,6
growth,6
growing,6
learning,6
assist,6
educational,6
reach,6
design,6
machine,6
low,6
quick,6
developer,6
pricing,6
sector,6
possessing,6
"delivery,",6
none,6
people,6
user,6
"partner,",6
strategy.,6
exceptional,5
ai.,5
high-end,5
improve,5
popular,5
accenture,5
cognizant,5
premier,5
response,5
height,5
staff,5
mature,5
world's,5
customer-centric,5
successful,5
cost-effectiveness,5
technology-driven,5
flexibly,5
cooperation,5
sustainability,5
"breadth,",5
client-centric,5
unique,5
conservative,5
generative,5
ensure,5
time,5
"four,",5
diversified,5
possesses,5
india,5
transforming,5
"leader""",5
provided,5
science,5
often,5
"firm,",5
streamlines,5
driver,5
"large-scale,",5
one-stop,5
major,5
manufacturing,5
helps,5
expensive,5
versatile,5
ensures,5
specific,5
standing,5
efforts,5
wipro,5
"partner""",5
workflows,5
systems.,5
european,5
class,5
scales,5
improving,5
enhancing,5
analytics.,5
presence.,5
importance,5
advice,5
still,5
clear,5
tailored,5
analytical,5
scalability.,5
managed,5
secure,5
authority,5
continues,5
"needs,",5
"projects,",5
occasionally,5
combines,5
relies,5
in-depth,5
"outsourcing,",5
"""all-round",5
reach.,4
influential,4
regulated,4
development.,4
capgemini,4
company's,4
"data,",4
over,4
influence,4
numerous,4
"industry,",4
heavy,4
retail,4
quality.,4
giving,4
tcs,4
working,4
amazing,4
able,4
approach,4
impact,4
relatively,4
huge,4
"knowledge,",4
aspects,4
guidance,4
advantage,4
compared,4
needs.,4
trust,4
forward-looking,4
familiar,4
assistant,4
amazon,4
"dependable,",4
user-friendly,4
dis,4
intelligence.,4
useful,4
recognized,4
computing.,4
really,4
tech.,4
variety,4
you,4
friends,4
"adaptability,",4
marketing,4
backend,4
–,4
enjoys,4
"stable,",4
communication,4
know,4
adv,4
quite,4
"analytics,",4
issues,4
evolving,4
"it,",4
open-source,4
yet,4
slow,4
"transformation""",4
"insights,",4
enabling,4
term,4
rapidly,4
around,4
player,4
credible,4
slower,4
matrix,4
backbone,4
"performance,",4
giant.,4
ai-native,4
it's,4
integrating,4
engagement,4
top-notch,4
"global,",4
regarded,4
drives,4
pragmatic,4
chain,4
models.,4
processing,4
creative,4
itsm,4
culture,4
governance,4
risks,4
quickly,4
delivers,4
research.,4
massive,4
"auditing,",4
adapts,4
partner.,4
"brand,",4
full,4
excellence.,4
"""pioneer",4
committed,4
orientation,4
proven,4
ey,4
some,4
balances,4
offerings.,4
other,4
supply,4
"support,",4
widely,4
technologies.,4
world,4
optimize,4
worldwide,4
certifications,4
banking,4
assisting,4
offerings,4
specializes,4
relationships,4
hcl,4
helpful,4
protect,4
assistants,4
among,4
suite,4
"history,",3
feel,3
"experts""",3
gemini’s,3
incredibly,3
"legacy,",3
deployment.,3
resource,3
parent,3
worldwide.,3
ecological,3
model.,3
internal,3
complete,3
limited,3
"market,",3
developer-friendly,3
features.,3
share,3
"network,",3
"leadership,",3
attention,3
base,3
tank,3
progress,3
"stability,",3
specialist.,3
transformations,3
history,3
globalized,3
accelerate,3
handling,3
developed,3
"(e.g.,",3
technically,3
perceived,3
knowledgeable,3
success,3
wonderful,3
key,3
"reach,",3
"experienced,",3
respected,3
entire,3
"efficient,",3
frameworks.,3
turnaround,3
predictable,3
transformations.,3
audit.,3
"""enterprise-level",3
every,3
actively,3
perspective,3
dedicated,3
"risk,",3
particularly,3
towards,3
solving,3
market-leading,3
lot,3
independent,3
got,3
privacy,3
"established,",3
old,3
compatibility,3
decision-making,3
control,3
record,3
available,3
initiatives.,3
enhances,3
grade,3
"productivity,",3
slightly,3
works,3
prowess,3
"scalability,",3
better,3
offer,3
"approach,",3
king,3
top-level,3
skills,3
auditing.,3
integrates,3
"strength,",3
successfully,3
position,3
grow,3
rather,3
innovators,3
world.,3
layout,3
"scale,",3
now,3
coming,3
insight,3
longevity,3
"offerings,",3
google's,3
"secure,",3
goals,3
government,3
adoption,3
track,3
century-old,3
clients.,3
making,3
"cutting-edge,",3
"data-driven,",3
streamlining,3
supports,3
reduce,3
markets.,3
"flexible,",3
results,3
patient,3
ratio,3
spirit.,3
potential,3
competitive,3
times,3
professional.,3
forefront,3
adaptable,3
operations.,3
comes,3
safe,3
software.,3
"modernization,",3
engine,3
collaboration.,3
"security,",3
deadlines,3
products,3
sovereign,3
challenges,3
covering,3
labs,3
"microsoft,",3
perfect,3
streamlined,3
powerhouse.,3
fields.,3
education,3
"system,",3
integrate,3
demands,3
remain,3
"experience,",3
"cybersecurity,",3
startups,3
ai/hybrid,3
innovate,3
talent.,3
believe,3
move,3
"vision,",3
employee,3
savvy,3
"influence,",3
.,3
cost-performance,3
leads,3
seen,3
customers.,3
high-level,3
"intelligence,",3
standard,3
targeted,3
architecture,3
programs,3
world-leading,3
understanding,3
advisor.,3
holds,3
structured,3
consultation,3
performed,3
covers,3
sizes.,3
full-stack,3
give,3
excel,3
